{
  "internal/tools/bash.go": 1775875636.0557504,
  "internal/tools/tool.go": 1775875609.8229659,
  "internal/tools/bash_test.go": 1775875721.9858918,
  "internal/runtime/message.go": 1775875507.3652802,
  "internal/runtime/session.go": 1775875531.8131168,
  "internal/runtime/message_test.go": 1775875697.485034,
  "internal/runtime/conversation.go": 1775875559.5833092,
  "internal/runtime/conversation_test.go": 1775875704.1254954,
  "internal/provider/provider.go": 1775875576.612812,
  "internal/provider/provider_test.go": 1775875737.8621788,
  "internal/provider/anthropic.go": 1775875596.187271,
  "internal/cli/repl.go": 1775875664.6691442,
  "README.md": 1775875988.6908846,
  "HANDOFF.md": 1775810534.8511949,
  "CLAUDE.md": 1775876023.4203975,
  "analysis/claw-code-recovery-analysis.md": 1775807833.3375576,
  "analysis/claw-code-harness-patterns.md": 1775807833.3371708,
  "analysis/claw-code-compaction-patterns.md": 1775807833.3368778,
  "analysis/ai-agent-platforms-research.md": 1775807833.3346448,
  "analysis/platforms/autoagent.md": 1775812281.3241255,
  "analysis/platforms/openclaw.md": 1775811860.9550796,
  "analysis/platforms/goose.md": 1775812139.6739523,
  "analysis/platforms/claw-code.md": 1775811475.3448312,
  "analysis/platforms/hermes.md": 1775812059.1690168,
  "analysis/platforms/paperclip.md": 1775812221.4472623,
  "analysis/platforms/goclaw.md": 1775811976.5983582,
  "analysis/integration/multi-agent-communication.md": 1775859155.0893629,
  "analysis/integration/skeleton.md": 1775875957.8448765,
  "plan/platform-design.md": 1775807833.3326283
}